-- Bulk historical reservations + stays.
-- Run after Group9_milestone2_insert.sql (required). Optionally run insert.sql first.
-- Adds 20 diverse guest parties (ids 11–30), 52 reservations (ids 14–65),
--   52 room_assignments (ids 17–68), and 168 stay rows (ids 14–181).
-- Extra stays reference reservation ids 1–8 (milestone) with random 2023–2025 dates.
-- INSERT OR IGNORE: safe to re-run if bulk rows already loaded.
PRAGMA foreign_keys = ON;

-- 20 diverse guest/org parties (ids 11–30)
INSERT OR IGNORE INTO party (partyId, email, phone, partyType, contactPersonName) VALUES
(11, 'lena.okafor@gmail.com',       '555-5101', 'Guest',        'Lena Okafor'),
(12, 'marco.reyes@hotmail.com',      '555-5102', 'Guest',        'Marco Reyes'),
(13, 'priya.nair@yahoo.com',         '555-5103', 'Guest',        'Priya Nair'),
(14, 'dmitri.volkov@mail.ru',        '555-5104', 'Guest',        'Dmitri Volkov'),
(15, 'amara.diallo@gmail.com',       '555-5105', 'Guest',        'Amara Diallo'),
(16, 'contact@yamamoto-group.jp',    '555-5201', 'Organization', 'Takeshi Yamamoto'),
(17, 'sofia.bergmann@web.de',        '555-5106', 'Guest',        'Sofia Bergmann'),
(18, 'omar.khalid@outlook.com',      '555-5107', 'Guest',        'Omar Khalid'),
(19, 'yuki.tanaka@gmail.com',        '555-5108', 'Guest',        'Yuki Tanaka'),
(20, 'elena.moreau@free.fr',         '555-5109', 'Guest',        'Elena Moreau'),
(21, 'info@adeyemi-ventures.com',    '555-5202', 'Organization', 'James Adeyemi'),
(22, 'meiling.zhou@qq.com',          '555-5110', 'Guest',        'Mei-Ling Zhou'),
(23, 'carlos.mendez@gmail.com',      '555-5111', 'Guest',        'Carlos Mendez'),
(24, 'aisha.hassan@gmail.com',       '555-5112', 'Guest',        'Aisha Hassan'),
(25, 'pierre.dubois@corporate.fr',   '555-5203', 'Organization', 'Pierre Dubois'),
(26, 'nadia.petrov@yandex.ru',       '555-5113', 'Guest',        'Nadia Petrov'),
(27, 'raj.sharma@gmail.com',         '555-5114', 'Guest',        'Raj Sharma'),
(28, 'fatima.alrashid@gmail.com',    '555-5115', 'Guest',        'Fatima Al-Rashid'),
(29, 'kenji.nakamura@gmail.com',     '555-5116', 'Guest',        'Kenji Nakamura'),
(30, 'ingrid.larsson@gmail.com',     '555-5117', 'Guest',        'Ingrid Larsson');

INSERT OR IGNORE INTO guest_group (partyId, guestId, guestName) VALUES
(11, 1, 'Lena Okafor'),
(12, 1, 'Marco Reyes'),
(13, 1, 'Priya Nair'),
(14, 1, 'Dmitri Volkov'),    (14, 2, 'Anya Volkov'),
(15, 1, 'Amara Diallo'),
(16, 1, 'Takeshi Yamamoto'), (16, 2, 'Hina Yamamoto'),
(17, 1, 'Sofia Bergmann'),   (17, 2, 'Klaus Bergmann'),
(18, 1, 'Omar Khalid'),
(19, 1, 'Yuki Tanaka'),      (19, 2, 'Haru Tanaka'),
(20, 1, 'Elena Moreau'),
(21, 1, 'James Adeyemi'),    (21, 2, 'Chisom Adeyemi'),
(22, 1, 'Mei-Ling Zhou'),
(23, 1, 'Carlos Mendez'),    (23, 2, 'Rosa Mendez'),
(24, 1, 'Aisha Hassan'),
(25, 1, 'Pierre Dubois'),    (25, 2, 'Claire Dubois'),
(26, 1, 'Nadia Petrov'),
(27, 1, 'Raj Sharma'),       (27, 2, 'Sunita Sharma'),
(28, 1, 'Fatima Al-Rashid'),
(29, 1, 'Kenji Nakamura'),
(30, 1, 'Ingrid Larsson');

INSERT OR IGNORE INTO billing_account (accountId, partyId, status, creditLimit) VALUES
(11, 11, 'Open', 1200.00),
(12, 12, 'Open', 1500.00),
(13, 13, 'Open', 1100.00),
(14, 14, 'Open', 1800.00),
(15, 15, 'Open', 900.00),
(16, 16, 'Open', 8000.00),
(17, 17, 'Open', 1300.00),
(18, 18, 'Open', 1600.00),
(19, 19, 'Open', 1000.00),
(20, 20, 'Open', 1400.00),
(21, 21, 'Open', 6500.00),
(22, 22, 'Open', 1200.00),
(23, 23, 'Open', 1700.00),
(24, 24, 'Open', 1100.00),
(25, 25, 'Open', 9000.00),
(26, 26, 'Open', 1300.00),
(27, 27, 'Open', 1500.00),
(28, 28, 'Open', 1000.00),
(29, 29, 'Open', 1200.00),
(30, 30, 'Open', 1400.00);

-- 52 reservations cycling through 20 diverse parties (ids 11–30)
INSERT OR IGNORE INTO reservation (reservationId, partyId, dateCreated, startDate, endDate, status, depositRequired, depositAmount) VALUES
(14, 11, '2022-12-31', '2023-01-08', '2023-01-10', 'Completed', 1, 40.00),
(15, 12, '2023-01-19', '2023-01-28', '2023-01-31', 'Completed', 0, 0.00),
(16, 13, '2023-02-07', '2023-02-17', '2023-02-21', 'Completed', 0, 0.00),
(17, 14, '2023-02-26', '2023-03-09', '2023-03-14', 'Completed', 0, 0.00),
(18, 15, '2023-03-17', '2023-03-29', '2023-04-04', 'Completed', 1, 182.00),
(19, 16, '2023-04-05', '2023-04-18', '2023-04-20', 'Confirmed', 0, 0.00),
(20, 17, '2023-04-24', '2023-05-08', '2023-05-11', 'Completed', 0, 0.00),
(21, 18, '2023-04-22', '2023-05-07', '2023-05-11', 'Completed', 0, 0.00),
(22, 19, '2023-05-11', '2023-05-27', '2023-06-01', 'Completed', 1, 324.00),
(23, 20, '2023-05-30', '2023-06-16', '2023-06-22', 'Completed', 0, 0.00),
(24, 21, '2023-06-18', '2023-07-06', '2023-07-08', 'Completed', 0, 0.00),
(25, 22, '2023-07-07', '2023-07-26', '2023-07-29', 'Completed', 0, 0.00),
(26, 23, '2023-08-07', '2023-08-15', '2023-08-19', 'Completed', 1, 146.50),
(27, 24, '2023-08-26', '2023-09-04', '2023-09-09', 'Confirmed', 0, 0.00),
(28, 25, '2023-08-24', '2023-09-03', '2023-09-09', 'Completed', 0, 0.00),
(29, 26, '2023-09-12', '2023-09-23', '2023-09-25', 'Completed', 0, 0.00),
(30, 27, '2023-10-01', '2023-10-13', '2023-10-16', 'Completed', 1, 288.50),
(31, 28, '2023-10-20', '2023-11-02', '2023-11-06', 'Completed', 0, 0.00),
(32, 29, '2023-11-08', '2023-11-22', '2023-11-27', 'Completed', 0, 0.00),
(33, 30, '2023-11-27', '2023-12-12', '2023-12-18', 'Completed', 0, 0.00),
(34, 11, '2023-12-16', '2024-01-01', '2024-01-03', 'Completed', 1, 111.00),
(35, 12, '2023-12-14', '2023-12-31', '2024-01-03', 'Confirmed', 0, 0.00),
(36, 13, '2024-01-02', '2024-01-20', '2024-01-24', 'Completed', 0, 0.00),
(37, 14, '2024-01-21', '2024-02-09', '2024-02-14', 'Completed', 0, 0.00),
(38, 15, '2024-02-21', '2024-02-29', '2024-03-06', 'Completed', 1, 253.00),
(39, 16, '2024-03-11', '2024-03-20', '2024-03-22', 'Completed', 0, 0.00),
(40, 17, '2024-03-30', '2024-04-09', '2024-04-12', 'Completed', 0, 0.00),
(41, 18, '2024-04-18', '2024-04-29', '2024-05-03', 'Completed', 0, 0.00),
(42, 19, '2024-04-16', '2024-04-28', '2024-05-03', 'Completed', 1, 75.50),
(43, 20, '2024-05-05', '2024-05-18', '2024-05-24', 'Confirmed', 0, 0.00),
(44, 21, '2024-05-24', '2024-06-07', '2024-06-09', 'Completed', 0, 0.00),
(45, 22, '2024-06-12', '2024-06-27', '2024-06-30', 'Completed', 0, 0.00),
(46, 23, '2024-07-01', '2024-07-17', '2024-07-21', 'Completed', 1, 217.50),
(47, 24, '2024-07-20', '2024-08-06', '2024-08-11', 'Completed', 0, 0.00),
(48, 25, '2024-08-08', '2024-08-26', '2024-09-01', 'Completed', 0, 0.00),
(49, 26, '2024-08-06', '2024-08-25', '2024-08-27', 'Completed', 0, 0.00),
(50, 27, '2024-09-06', '2024-09-14', '2024-09-17', 'Completed', 1, 40.00),
(51, 28, '2024-09-25', '2024-10-04', '2024-10-08', 'Confirmed', 0, 0.00),
(52, 29, '2024-10-14', '2024-10-24', '2024-10-29', 'Completed', 0, 0.00),
(53, 30, '2024-11-02', '2024-11-13', '2024-11-19', 'Completed', 0, 0.00),
(54, 11, '2024-11-21', '2024-12-03', '2024-12-05', 'Completed', 1, 182.00),
(55, 12, '2024-12-10', '2024-12-23', '2024-12-26', 'Completed', 0, 0.00),
(56, 13, '2024-12-08', '2024-12-22', '2024-12-26', 'Completed', 0, 0.00),
(57, 14, '2024-12-27', '2025-01-11', '2025-01-16', 'Completed', 0, 0.00),
(58, 15, '2025-01-15', '2025-01-31', '2025-02-06', 'Completed', 1, 324.00),
(59, 16, '2025-02-03', '2025-02-20', '2025-02-22', 'Confirmed', 0, 0.00),
(60, 17, '2025-02-22', '2025-03-12', '2025-03-15', 'Completed', 0, 0.00),
(61, 18, '2025-03-13', '2025-04-01', '2025-04-05', 'Completed', 0, 0.00),
(62, 19, '2025-04-13', '2025-04-21', '2025-04-26', 'Completed', 1, 146.50),
(63, 20, '2025-04-11', '2025-04-20', '2025-04-26', 'Completed', 0, 0.00),
(64, 21, '2025-04-30', '2025-05-10', '2025-05-12', 'Completed', 0, 0.00),
(65, 22, '2025-05-19', '2025-05-30', '2025-06-02', 'Completed', 0, 0.00);

INSERT OR IGNORE INTO room_assignment (assignmentId, reservationId, roomId, assignmentDate) VALUES
(17, 14, 'OT-A-101', '2023-01-07'),
(18, 15, 'OT-A-102', '2023-01-27'),
(19, 16, 'OT-A-201', '2023-02-16'),
(20, 17, 'OT-B-101', '2023-03-08'),
(21, 18, 'OT-B-102', '2023-03-28'),
(22, 19, 'OT-B-201', '2023-04-17'),
(23, 20, 'GL-A-101', '2023-05-07'),
(24, 21, 'GL-A-102', '2023-05-06'),
(25, 22, 'GL-B-101', '2023-05-26'),
(26, 23, 'GL-B-102', '2023-06-15'),
(27, 24, 'OT-A-101', '2023-07-05'),
(28, 25, 'OT-A-102', '2023-07-25'),
(29, 26, 'OT-A-201', '2023-08-14'),
(30, 27, 'OT-B-101', '2023-09-03'),
(31, 28, 'OT-B-102', '2023-09-02'),
(32, 29, 'OT-B-201', '2023-09-22'),
(33, 30, 'GL-A-101', '2023-10-12'),
(34, 31, 'GL-A-102', '2023-11-01'),
(35, 32, 'GL-B-101', '2023-11-21'),
(36, 33, 'GL-B-102', '2023-12-11'),
(37, 34, 'OT-A-101', '2023-12-31'),
(38, 35, 'OT-A-102', '2023-12-30'),
(39, 36, 'OT-A-201', '2024-01-19'),
(40, 37, 'OT-B-101', '2024-02-08'),
(41, 38, 'OT-B-102', '2024-02-28'),
(42, 39, 'OT-B-201', '2024-03-19'),
(43, 40, 'GL-A-101', '2024-04-08'),
(44, 41, 'GL-A-102', '2024-04-28'),
(45, 42, 'GL-B-101', '2024-04-27'),
(46, 43, 'GL-B-102', '2024-05-17'),
(47, 44, 'OT-A-101', '2024-06-06'),
(48, 45, 'OT-A-102', '2024-06-26'),
(49, 46, 'OT-A-201', '2024-07-16'),
(50, 47, 'OT-B-101', '2024-08-05'),
(51, 48, 'OT-B-102', '2024-08-25'),
(52, 49, 'OT-B-201', '2024-08-24'),
(53, 50, 'GL-A-101', '2024-09-13'),
(54, 51, 'GL-A-102', '2024-10-03'),
(55, 52, 'GL-B-101', '2024-10-23'),
(56, 53, 'GL-B-102', '2024-11-12'),
(57, 54, 'OT-A-101', '2024-12-02'),
(58, 55, 'OT-A-102', '2024-12-22'),
(59, 56, 'OT-A-201', '2024-12-21'),
(60, 57, 'OT-B-101', '2025-01-10'),
(61, 58, 'OT-B-102', '2025-01-30'),
(62, 59, 'OT-B-201', '2025-02-19'),
(63, 60, 'GL-A-101', '2025-03-11'),
(64, 61, 'GL-A-102', '2025-03-31'),
(65, 62, 'GL-B-101', '2025-04-20'),
(66, 63, 'GL-B-102', '2025-04-19'),
(67, 64, 'OT-A-101', '2025-05-09'),
(68, 65, 'OT-A-102', '2025-05-29');

INSERT OR IGNORE INTO stay (stayId, reservationId, checkinTime, checkoutTime) VALUES
(14, 14, '2023-01-08 18:42:00', '2023-01-10 11:15:00'),
(15, 15, '2023-01-28 14:45:00', '2023-01-31 12:15:00'),
(16, 16, '2023-02-17 15:48:00', '2023-02-21 09:15:00'),
(17, 17, '2023-03-09 16:51:00', '2023-03-14 10:15:00'),
(18, 18, '2023-03-29 17:54:00', '2023-04-04 11:15:00'),
(19, 19, '2023-04-18 18:57:00', '2023-04-20 12:15:00'),
(20, 20, '2023-05-08 14:00:00', '2023-05-11 09:15:00'),
(21, 21, '2023-05-07 15:03:00', '2023-05-11 10:15:00'),
(22, 22, '2023-05-27 16:06:00', '2023-06-01 11:15:00'),
(23, 23, '2023-06-16 17:09:00', '2023-06-22 12:15:00'),
(24, 24, '2023-07-06 18:12:00', '2023-07-08 09:15:00'),
(25, 25, '2023-07-26 14:15:00', '2023-07-29 10:15:00'),
(26, 26, '2023-08-15 15:18:00', '2023-08-19 11:15:00'),
(27, 27, '2023-09-04 16:21:00', '2023-09-09 12:15:00'),
(28, 28, '2023-09-03 17:24:00', '2023-09-09 09:15:00'),
(29, 29, '2023-09-23 18:27:00', '2023-09-25 10:15:00'),
(30, 30, '2023-10-13 14:30:00', '2023-10-16 11:15:00'),
(31, 31, '2023-11-02 15:33:00', '2023-11-06 12:15:00'),
(32, 32, '2023-11-22 16:36:00', '2023-11-27 09:15:00'),
(33, 33, '2023-12-12 17:39:00', '2023-12-18 10:15:00'),
(34, 34, '2024-01-01 18:42:00', '2024-01-03 11:15:00'),
(35, 35, '2023-12-31 14:45:00', '2024-01-03 12:15:00'),
(36, 36, '2024-01-20 15:48:00', '2024-01-24 09:15:00'),
(37, 37, '2024-02-09 16:51:00', '2024-02-14 10:15:00'),
(38, 38, '2024-02-29 17:54:00', '2024-03-06 11:15:00'),
(39, 39, '2024-03-20 18:57:00', '2024-03-22 12:15:00'),
(40, 40, '2024-04-09 14:00:00', '2024-04-12 09:15:00'),
(41, 41, '2024-04-29 15:03:00', '2024-05-03 10:15:00'),
(42, 42, '2024-04-28 16:06:00', '2024-05-03 11:15:00'),
(43, 43, '2024-05-18 17:09:00', '2024-05-24 12:15:00'),
(44, 44, '2024-06-07 18:12:00', '2024-06-09 09:15:00'),
(45, 45, '2024-06-27 14:15:00', '2024-06-30 10:15:00'),
(46, 46, '2024-07-17 15:18:00', '2024-07-21 11:15:00'),
(47, 47, '2024-08-06 16:21:00', '2024-08-11 12:15:00'),
(48, 48, '2024-08-26 17:24:00', '2024-09-01 09:15:00'),
(49, 49, '2024-08-25 18:27:00', '2024-08-27 10:15:00'),
(50, 50, '2024-09-14 14:30:00', '2024-09-17 11:15:00'),
(51, 51, '2024-10-04 15:33:00', '2024-10-08 12:15:00'),
(52, 52, '2024-10-24 16:36:00', '2024-10-29 09:15:00'),
(53, 53, '2024-11-13 17:39:00', '2024-11-19 10:15:00'),
(54, 54, '2024-12-03 18:42:00', '2024-12-05 11:15:00'),
(55, 55, '2024-12-23 14:45:00', '2024-12-26 12:15:00'),
(56, 56, '2024-12-22 15:48:00', '2024-12-26 09:15:00'),
(57, 57, '2025-01-11 16:51:00', '2025-01-16 10:15:00'),
(58, 58, '2025-01-31 17:54:00', '2025-02-06 11:15:00'),
(59, 59, '2025-02-20 18:57:00', '2025-02-22 12:15:00'),
(60, 60, '2025-03-12 14:00:00', '2025-03-15 09:15:00'),
(61, 61, '2025-04-01 15:03:00', '2025-04-05 10:15:00'),
(62, 62, '2025-04-21 16:06:00', '2025-04-26 11:15:00'),
(63, 63, '2025-04-20 17:09:00', '2025-04-26 12:15:00'),
(64, 64, '2025-05-10 18:12:00', '2025-05-12 09:15:00'),
(65, 65, '2025-05-30 14:15:00', '2025-06-02 10:15:00'),
(66, 1, '2023-12-23 12:41:00', '2023-12-25 12:36:00'),
(67, 2, '2024-10-28 15:10:00', '2024-10-30 10:58:00'),
(68, 3, '2024-03-30 15:07:00', '2024-04-01 11:25:00'),
(69, 4, '2023-09-03 17:35:00', '2023-09-05 10:26:00'),
(70, 5, '2023-08-14 12:15:00', '2023-08-19 11:12:00'),
(71, 6, '2023-09-20 16:39:00', '2023-09-25 13:14:00'),
(72, 7, '2024-01-04 13:05:00', '2024-01-10 09:44:00'),
(73, 8, '2024-01-06 13:44:00', '2024-01-10 10:21:00'),
(74, 1, '2024-10-12 15:34:00', '2024-10-14 10:21:00'),
(75, 2, '2023-07-02 17:55:00', '2023-07-05 11:06:00'),
(76, 3, '2024-04-01 13:53:00', '2024-04-05 09:03:00'),
(77, 4, '2024-11-28 16:59:00', '2024-12-01 11:47:00'),
(78, 5, '2025-08-12 16:49:00', '2025-08-16 10:02:00'),
(79, 6, '2024-12-22 15:40:00', '2024-12-27 12:53:00'),
(80, 7, '2024-10-27 14:01:00', '2024-10-31 12:46:00'),
(81, 8, '2024-12-20 13:05:00', '2024-12-22 11:45:00'),
(82, 1, '2024-08-15 14:24:00', '2024-08-17 09:57:00'),
(83, 2, '2025-03-09 13:02:00', '2025-03-13 09:05:00'),
(84, 3, '2024-09-24 16:11:00', '2024-09-30 10:33:00'),
(85, 4, '2024-05-29 14:05:00', '2024-05-31 12:46:00'),
(86, 5, '2025-03-21 17:12:00', '2025-03-26 09:03:00'),
(87, 6, '2023-05-04 13:03:00', '2023-05-10 10:26:00'),
(88, 7, '2024-11-28 14:57:00', '2024-12-02 13:46:00'),
(89, 8, '2023-08-02 14:57:00', '2023-08-08 09:08:00'),
(90, 1, '2023-10-30 12:35:00', '2023-11-01 11:14:00'),
(91, 2, '2024-09-11 15:58:00', '2024-09-15 13:51:00'),
(92, 3, '2024-05-11 17:15:00', '2024-05-17 09:27:00'),
(93, 4, '2023-09-03 15:26:00', '2023-09-09 13:33:00'),
(94, 5, '2023-03-05 15:10:00', '2023-03-07 09:58:00'),
(95, 6, '2024-10-22 14:40:00', '2024-10-25 10:56:00'),
(96, 7, '2024-04-02 15:02:00', '2024-04-08 10:08:00'),
(97, 8, '2024-01-19 15:41:00', '2024-01-22 10:40:00'),
(98, 1, '2025-06-08 12:16:00', '2025-06-10 13:51:00'),
(99, 2, '2023-07-27 12:22:00', '2023-07-30 10:34:00'),
(100, 3, '2025-05-11 15:25:00', '2025-05-16 11:14:00'),
(101, 4, '2024-08-29 13:15:00', '2024-09-04 12:43:00'),
(102, 5, '2025-06-07 13:51:00', '2025-06-11 09:46:00'),
(103, 6, '2023-08-24 15:11:00', '2023-08-26 12:55:00'),
(104, 7, '2024-10-30 12:09:00', '2024-11-03 09:47:00'),
(105, 8, '2024-08-27 15:54:00', '2024-08-29 12:34:00'),
(106, 1, '2024-08-22 14:41:00', '2024-08-27 11:46:00'),
(107, 2, '2023-07-08 12:48:00', '2023-07-11 12:46:00'),
(108, 3, '2024-12-26 12:05:00', '2024-12-31 09:35:00'),
(109, 4, '2024-04-11 17:49:00', '2024-04-16 13:46:00'),
(110, 5, '2024-07-07 17:04:00', '2024-07-13 10:16:00'),
(111, 6, '2025-01-17 13:58:00', '2025-01-23 10:16:00'),
(112, 7, '2023-10-29 13:47:00', '2023-10-31 11:47:00'),
(113, 8, '2024-12-30 16:40:00', '2025-01-03 13:14:00'),
(114, 1, '2024-12-03 13:50:00', '2024-12-07 10:44:00'),
(115, 2, '2023-04-12 13:32:00', '2023-04-16 10:42:00'),
(116, 3, '2024-12-31 17:32:00', '2025-01-04 10:36:00'),
(117, 4, '2023-11-08 13:39:00', '2023-11-11 13:58:00'),
(118, 5, '2023-04-06 15:25:00', '2023-04-10 12:39:00'),
(119, 6, '2024-06-15 16:07:00', '2024-06-21 10:02:00'),
(120, 7, '2024-11-10 16:32:00', '2024-11-15 13:35:00'),
(121, 8, '2024-01-15 13:13:00', '2024-01-17 12:08:00'),
(122, 1, '2025-04-03 16:13:00', '2025-04-09 13:26:00'),
(123, 2, '2023-08-03 15:09:00', '2023-08-08 11:35:00'),
(124, 3, '2024-06-07 12:45:00', '2024-06-09 13:11:00'),
(125, 4, '2025-01-02 12:18:00', '2025-01-06 09:00:00'),
(126, 5, '2024-12-19 12:34:00', '2024-12-22 11:23:00'),
(127, 6, '2024-11-17 15:12:00', '2024-11-19 13:51:00'),
(128, 7, '2024-01-01 12:01:00', '2024-01-06 09:48:00'),
(129, 8, '2024-09-03 13:58:00', '2024-09-07 11:50:00'),
(130, 1, '2024-07-22 16:17:00', '2024-07-27 12:51:00'),
(131, 2, '2023-05-29 17:56:00', '2023-06-03 10:48:00'),
(132, 3, '2024-08-14 12:58:00', '2024-08-16 12:42:00'),
(133, 4, '2024-06-25 15:51:00', '2024-06-28 09:56:00'),
(134, 5, '2024-08-04 12:00:00', '2024-08-10 11:00:00'),
(135, 6, '2025-08-15 16:09:00', '2025-08-20 09:46:00'),
(136, 7, '2024-03-02 17:10:00', '2024-03-04 12:25:00'),
(137, 8, '2023-08-14 13:53:00', '2023-08-18 09:03:00'),
(138, 1, '2025-03-22 17:20:00', '2025-03-28 12:43:00'),
(139, 2, '2025-04-15 13:14:00', '2025-04-21 13:41:00'),
(140, 3, '2024-02-16 13:10:00', '2024-02-19 09:29:00'),
(141, 4, '2023-10-18 16:00:00', '2023-10-21 10:01:00'),
(142, 5, '2024-12-18 17:12:00', '2024-12-22 13:56:00'),
(143, 6, '2024-03-01 14:52:00', '2024-03-07 10:02:00'),
(144, 7, '2023-04-05 13:39:00', '2023-04-11 09:53:00'),
(145, 8, '2025-06-15 12:52:00', '2025-06-18 11:56:00'),
(146, 1, '2023-09-04 15:49:00', '2023-09-06 09:34:00'),
(147, 2, '2024-08-07 17:55:00', '2024-08-10 11:39:00'),
(148, 3, '2023-11-21 13:57:00', '2023-11-26 11:34:00'),
(149, 4, '2024-07-26 14:19:00', '2024-07-28 11:23:00'),
(150, 5, '2024-09-22 13:17:00', '2024-09-28 12:08:00'),
(151, 6, '2023-07-23 15:53:00', '2023-07-25 09:48:00'),
(152, 7, '2023-11-17 13:04:00', '2023-11-20 11:26:00'),
(153, 8, '2024-11-24 14:10:00', '2024-11-29 09:10:00'),
(154, 1, '2024-05-20 17:06:00', '2024-05-22 10:15:00'),
(155, 2, '2024-03-29 13:26:00', '2024-04-04 10:08:00'),
(156, 3, '2025-03-30 14:01:00', '2025-04-03 10:31:00'),
(157, 4, '2025-03-09 16:15:00', '2025-03-13 11:29:00'),
(158, 5, '2023-03-16 12:47:00', '2023-03-22 12:31:00'),
(159, 6, '2024-02-21 15:19:00', '2024-02-23 11:17:00'),
(160, 7, '2024-10-25 16:28:00', '2024-10-29 10:51:00'),
(161, 8, '2025-03-28 15:00:00', '2025-04-01 13:23:00'),
(162, 1, '2023-12-13 15:32:00', '2023-12-16 09:33:00'),
(163, 2, '2025-04-19 14:22:00', '2025-04-21 10:06:00'),
(164, 3, '2024-07-02 13:58:00', '2024-07-07 12:38:00'),
(165, 4, '2025-08-15 17:47:00', '2025-08-19 09:22:00'),
(166, 5, '2024-04-21 16:36:00', '2024-04-27 12:05:00'),
(167, 6, '2024-10-02 16:19:00', '2024-10-05 10:26:00'),
(168, 7, '2024-11-30 17:47:00', '2024-12-03 09:47:00'),
(169, 8, '2023-10-09 17:10:00', '2023-10-12 13:01:00'),
(170, 1, '2023-09-24 15:39:00', '2023-09-26 12:09:00'),
(171, 2, '2024-07-12 12:09:00', '2024-07-14 12:10:00'),
(172, 3, '2024-07-01 17:51:00', '2024-07-04 09:10:00'),
(173, 4, '2025-03-04 13:28:00', '2025-03-06 12:15:00'),
(174, 5, '2023-11-08 14:24:00', '2023-11-10 13:33:00'),
(175, 6, '2024-02-22 12:37:00', '2024-02-25 09:42:00'),
(176, 7, '2025-04-26 16:29:00', '2025-05-02 12:20:00'),
(177, 8, '2023-06-23 16:40:00', '2023-06-29 11:42:00'),
(178, 1, '2024-02-29 14:56:00', '2024-03-06 13:56:00'),
(179, 2, '2024-11-17 15:24:00', '2024-11-19 09:18:00'),
(180, 3, '2023-08-25 12:38:00', '2023-08-31 11:08:00'),
(181, 4, '2024-11-05 12:46:00', '2024-11-10 10:44:00');
